化粧品,アイシャドウ,ブラウン,1073,横浜店
化粧品,乳液,さっぱり,4310,渋谷店
日用品,ティッシュペーパー,ソフトエアー,4395,渋谷店
医薬部外品,うがい薬,風邪,3353,横浜店
医薬部外品,入浴剤,腰痛,2037,六本木店
日用品,ボディソープ,ボタニカル,1605,渋谷店
医薬品,かぜ薬,総合感冒薬,1453,渋谷店
医薬部外品,日焼け止め,顔用,2958,横浜店
化粧品,口紅,ベージュ,2377,六本木店
医薬品,解熱鎮痛剤,生理痛,3705,六本木店
化粧品,ファンデーション,UVカット,711,横浜店
医薬品,絆創膏,キズパワーパッド,485,六本木店
化粧品,乳液,弾力,1531,六本木店
医薬品,胃腸薬,整腸剤,1936,横浜店
日用品,シャンプー,オーガニック,2293,六本木店
医薬品,解熱鎮痛剤,イブプロフェン,2740,六本木店
日用品,歯磨き粉,研磨剤なし,1366,渋谷店
医薬品,目薬,充血,4240,六本木店
医薬品,絆創膏,防水,274,渋谷店
医薬部外品,育毛剤,頭皮ケア,438,横浜店
医薬部外品,入浴剤,保湿,1411,六本木店
化粧品,乳液,さっぱり,1548,横浜店
医薬部外品,ハンドソープ,低刺激,4323,六本木店
日用品,ティッシュペーパー,ポケットティッシュ,4620,横浜店
医薬部外品,制汗剤,シート,3005,六本木店
化粧品,ファンデーション,ツヤ,1781,横浜店
医薬部外品,入浴剤,バスソルト,2630,六本木店
化粧品,化粧水,毛穴,1264,渋谷店
日用品,トイレットペーパー,プレミアムソフト,3193,横浜店
化粧品,化粧水,ニキビ,2718,横浜店
日用品,ボディソープ,薬用,4379,六本木店
医薬部外品,育毛剤,抜け毛予防,3263,横浜店
医薬部外品,ハンドソープ,薬用,3383,六本木店
化粧品,ファンデーション,ツヤ,1768,渋谷店
化粧品,ファンデーション,パウダー,281,渋谷店
医薬部外品,制汗剤,ロールオン,1049,渋谷店
化粧品,化粧水,オーガニック,2545,渋谷店
医薬品,かぜ薬,喉,192,横浜店
化粧品,アイシャドウ,パープル,149,六本木店
医薬部外品,入浴剤,リラックス,1179,渋谷店
医薬品,胃腸薬,胃痛,421,横浜店
医薬部外品,育毛剤,発毛促進,564,渋谷店
日用品,洗濯洗剤,液体,2934,渋谷店
日用品,ティッシュペーパー,ローション,711,渋谷店
医薬品,かぜ薬,筋肉痛,4011,渋谷店
日用品,トイレットペーパー,ふわっとエンジェル,1820,横浜店
医薬部外品,入浴剤,バスソルト,4906,横浜店
化粧品,乳液,ハリ,4726,六本木店
医薬品,絆創膏,滅菌,138,横浜店
日用品,ボディソープ,保湿,2527,横浜店
日用品,歯磨き粉,知覚過敏ケア,4184,渋谷店
医薬部外品,制汗剤,パウダー,1669,横浜店
医薬品,目薬,ハードコンタクト用,2382,横浜店
医薬品,かぜ薬,熱,278,渋谷店
日用品,洗濯洗剤,消臭,1633,横浜店
医薬部外品,育毛剤,育毛,241,渋谷店
化粧品,美容液,コラーゲン,413,渋谷店
医薬部外品,日焼け止め,体用,316,渋谷店
化粧品,乳液,薬用,392,六本木店
化粧品,口紅,マット,4429,渋谷店
日用品,ティッシュペーパー,フレッシュミント,2384,横浜店
日用品,シャンプー,ボリュームアップ,4027,横浜店
化粧品,化粧水,美白,1916,渋谷店
医薬部外品,ハンドソープ,殺菌,3528,横浜店
医薬部外品,入浴剤,リラックス,3911,渋谷店
医薬品,解熱鎮痛剤,関節痛,1323,六本木店
化粧品,ファンデーション,崩れにくい,3292,横浜店
医薬部外品,うがい薬,インフルエンザ,2174,渋谷店
日用品,シャンプー,ボリュームアップ,395,六本木店
日用品,ボディソープ,アロマ,3479,六本木店
日用品,ティッシュペーパー,ボックスティッシュ,2064,横浜店
医薬品,目薬,かゆみ,1470,六本木店
化粧品,美容液,プラセンタ,2709,横浜店
化粧品,化粧水,ニキビ,1858,横浜店
日用品,洗濯洗剤,デリケート,3074,六本木店
医薬部外品,育毛剤,低刺激,352,六本木店
医薬品,目薬,ソフトコンタクト用,3135,横浜店
医薬品,マスク,カラー,5000,六本木店
医薬品,かぜ薬,関節痛,4049,横浜店
医薬部外品,育毛剤,育毛,1810,渋谷店
化粧品,アイシャドウ,ペンシル,4699,渋谷店
化粧品,ファンデーション,スティック,679,横浜店
医薬品,絆創膏,滅菌,471,渋谷店
医薬部外品,うがい薬,ノンアルコール,4656,横浜店
医薬部外品,日焼け止め,ジェル,4483,渋谷店
化粧品,ファンデーション,マット,1353,横浜店
医薬部外品,うがい薬,ノンアルコール,1891,六本木店
日用品,ティッシュペーパー,鼻にやさしい,1742,横浜店
化粧品,アイシャドウ,パレット,1002,渋谷店
医薬部外品,育毛剤,女性用,1182,六本木店
医薬品,解熱鎮痛剤,熱,1870,六本木店
化粧品,ファンデーション,マット,2258,六本木店
医薬品,マスク,小さめ,3129,渋谷店
医薬部外品,入浴剤,香り,4732,渋谷店
医薬品,胃腸薬,胸やけ,3020,横浜店
医薬部外品,ハンドソープ,無香料,2386,横浜店
医薬部外品,育毛剤,無香料,2547,六本木店
日用品,トイレットペーパー,リサイクル,2870,横浜店
日用品,ボディソープ,泡,1815,六本木店
医薬部外品,日焼け止め,ミルク,4443,横浜店
日用品,シャンプー,ノンシリコン,4131,六本木店
医薬品,絆創膏,小判,233,横浜店
化粧品,口紅,リップバーム,2295,渋谷店
日用品,ティッシュペーパー,リサイクル,2949,横浜店
医薬部外品,ハンドソープ,ポンプ,3901,六本木店
医薬品,胃腸薬,食欲不振,4680,六本木店
医薬品,目薬,かゆみ,3182,渋谷店
化粧品,ファンデーション,崩れにくい,1310,渋谷店
医薬部外品,うがい薬,消毒,3704,渋谷店
日用品,トイレットペーパー,シルキータッチ,1732,六本木店
医薬部外品,制汗剤,全身,1851,横浜店
医薬部外品,入浴剤,冷え性,2629,渋谷店
医薬部外品,うがい薬,子供用,3104,横浜店
化粧品,化粧水,オーガニック,4962,渋谷店
化粧品,ファンデーション,クッション,2641,横浜店
医薬品,絆創膏,指用,639,渋谷店
医薬品,胃腸薬,ドリンク,1985,横浜店
医薬品,絆創膏,小判,3408,渋谷店
医薬部外品,育毛剤,抜け毛予防,4815,六本木店
日用品,ティッシュペーパー,ローション,2860,横浜店
医薬部外品,ハンドソープ,液体,4356,横浜店
医薬部外品,ハンドソープ,液体,1201,六本木店
化粧品,化粧水,毛穴,3456,横浜店
日用品,ティッシュペーパー,鼻にやさしい,816,横浜店
医薬品,目薬,コンタクト,1706,渋谷店
医薬部外品,ハンドソープ,詰め替え,841,渋谷店
化粧品,化粧水,ニキビ,4805,六本木店
医薬品,胃腸薬,吐き気,751,横浜店
医薬部外品,制汗剤,足,1662,渋谷店
医薬部外品,入浴剤,保湿,4218,渋谷店
化粧品,アイシャドウ,マット,1851,横浜店
医薬部外品,育毛剤,女性用,4331,六本木店
医薬部外品,入浴剤,肩こり,2836,六本木店
化粧品,美容液,ビタミンC,4922,横浜店
日用品,シャンプー,ダメージケア,4617,渋谷店
化粧品,美容液,毛穴,1463,横浜店
医薬部外品,入浴剤,疲労回復,3280,渋谷店
化粧品,口紅,ティント,2577,横浜店
化粧品,美容液,弾力,2092,六本木店
医薬部外品,うがい薬,殺菌,1911,渋谷店
医薬品,絆創膏,指用,1441,横浜店
化粧品,化粧水,エイジングケア,4466,渋谷店
医薬品,マスク,立体,4343,横浜店
日用品,洗濯洗剤,液体,3202,六本木店
化粧品,化粧水,さっぱり,3433,横浜店
日用品,洗濯洗剤,ジェルボール,1471,横浜店
医薬部外品,日焼け止め,ミルク,1766,横浜店
化粧品,乳液,保湿,2675,横浜店
日用品,洗濯洗剤,デリケート,4934,横浜店
医薬品,胃腸薬,整腸剤,578,横浜店
医薬品,マスク,女性用,1361,六本木店
医薬品,マスク,女性用,2544,六本木店
化粧品,化粧水,オーガニック,4197,六本木店
医薬部外品,制汗剤,足,2894,渋谷店
医薬部外品,うがい薬,ポビドンヨード,3139,渋谷店
医薬品,絆創膏,大判,1030,渋谷店
日用品,ボディソープ,さっぱり,1342,渋谷店
医薬品,かぜ薬,漢方,1879,渋谷店
医薬部外品,育毛剤,発毛促進,1514,横浜店
医薬部外品,ハンドソープ,キッチン用,3923,渋谷店
日用品,ティッシュペーパー,プレミアム,4574,六本木店
医薬品,マスク,大きめ,3467,渋谷店
医薬品,マスク,小さめ,3530,六本木店
医薬品,マスク,男性用,4910,六本木店
医薬品,解熱鎮痛剤,熱,2708,渋谷店
日用品,トイレットペーパー,フレッシュグリーン,3030,渋谷店
化粧品,乳液,美白,1852,六本木店
日用品,歯磨き粉,歯周病ケア,1824,六本木店
医薬部外品,日焼け止め,顔用,1839,横浜店
日用品,洗濯洗剤,柔軟剤入り,2665,横浜店
医薬部外品,日焼け止め,SPF50,1650,渋谷店
日用品,シャンプー,ダメージケア,826,六本木店
医薬品,目薬,ビタミン,1738,渋谷店
化粧品,ファンデーション,マット,3645,六本木店
化粧品,口紅,レッド,271,六本木店
化粧品,化粧水,敏感肌,4887,横浜店
医薬品,かぜ薬,熱,551,横浜店
日用品,トイレットペーパー,プレミアムソフト,4433,横浜店
医薬部外品,入浴剤,炭酸,1629,渋谷店
化粧品,美容液,ヒアルロン酸,2656,渋谷店
日用品,ティッシュペーパー,ソフトエアー,154,横浜店
化粧品,アイシャドウ,ペンシル,2765,六本木店
化粧品,ファンデーション,ツヤ,1380,横浜店
化粧品,口紅,ツヤ,3847,六本木店
医薬部外品,育毛剤,医薬部外品,1200,六本木店
化粧品,口紅,リップバーム,3755,渋谷店
化粧品,乳液,オーガニック,1010,渋谷店
化粧品,ファンデーション,マット,3775,横浜店
医薬部外品,うがい薬,口臭予防,3949,横浜店
医薬部外品,ハンドソープ,液体,2290,横浜店
日用品,トイレットペーパー,プレミアムソフト,403,渋谷店
医薬部外品,ハンドソープ,キッチン用,1738,六本木店
化粧品,ファンデーション,クリーム,2888,六本木店
医薬品,かぜ薬,総合感冒薬,1226,横浜店
医薬部外品,ハンドソープ,キッチン用,2666,渋谷店
日用品,ティッシュペーパー,なめらかタッチ,657,横浜店
医薬部外品,うがい薬,インフルエンザ,1012,横浜店
医薬品,目薬,コンタクト,3843,横浜店
医薬部外品,入浴剤,冷え性,1300,渋谷店
医薬品,胃腸薬,整腸剤,2941,渋谷店
医薬品,かぜ薬,頭痛,1316,六本木店
化粧品,アイシャドウ,マット,1144,渋谷店
化粧品,ファンデーション,ツヤ,3615,渋谷店
化粧品,アイシャドウ,グリーン,3054,横浜店
医薬部外品,日焼け止め,敏感肌,1208,渋谷店
医薬部外品,育毛剤,発毛促進,2837,渋谷店
医薬品,胃腸薬,漢方,4550,横浜店
化粧品,ファンデーション,マット,809,渋谷店
化粧品,美容液,毛穴,2913,渋谷店
日用品,ティッシュペーパー,保湿ティッシュ,1060,六本木店
医薬部外品,ハンドソープ,無香料,153,六本木店
化粧品,乳液,エイジングケア,2081,六本木店
化粧品,化粧水,高保湿,3713,横浜店
医薬品,目薬,ドライアイ,254,横浜店
日用品,洗濯洗剤,柔軟剤入り,2958,横浜店
医薬品,マスク,男性用,2683,六本木店
化粧品,口紅,ベージュ,482,横浜店
日用品,ティッシュペーパー,リサイクル,1504,横浜店
日用品,シャンプー,アミノ酸,4261,渋谷店
日用品,歯磨き粉,ジェル,4771,六本木店
医薬品,解熱鎮痛剤,生理痛,3711,渋谷店
化粧品,ファンデーション,クリーム,3859,六本木店
医薬品,目薬,花粉,1917,六本木店
化粧品,ファンデーション,マット,3984,渋谷店
化粧品,ファンデーション,リキッド,3035,横浜店
医薬品,マスク,子供用,2410,渋谷店
医薬部外品,うがい薬,喉,4831,六本木店
日用品,歯磨き粉,ミント,2695,横浜店
医薬部外品,制汗剤,シート,2502,渋谷店
日用品,ボディソープ,しっとり,4370,渋谷店
化粧品,美容液,美白,2169,渋谷店
化粧品,口紅,グロス,4068,横浜店
化粧品,乳液,保湿,3595,渋谷店
医薬部外品,日焼け止め,ジェル,4735,渋谷店
日用品,シャンプー,薬用,2575,六本木店
日用品,ティッシュペーパー,なめらかタッチ,4898,六本木店
医薬部外品,ハンドソープ,保湿,3997,横浜店
医薬部外品,育毛剤,医薬部外品,2679,横浜店
日用品,洗濯洗剤,消臭,1683,渋谷店
医薬品,かぜ薬,子供用,1226,横浜店
日用品,歯磨き粉,知覚過敏ケア,1003,渋谷店
医薬品,目薬,疲れ目,3488,六本木店
医薬部外品,入浴剤,薬用,4290,六本木店
化粧品,乳液,エイジングケア,4038,横浜店
日用品,ティッシュペーパー,ポケットティッシュ,2076,渋谷店
医薬品,胃腸薬,ドリンク,3617,横浜店
日用品,ティッシュペーパー,ソフトエアー,1408,六本木店
医薬品,目薬,ドライアイ,3814,渋谷店
医薬部外品,日焼け止め,ジェル,1621,六本木店
医薬部外品,制汗剤,スプレー,3001,六本木店
医薬品,かぜ薬,子供用,3083,渋谷店
化粧品,口紅,グロス,577,横浜店
化粧品,アイシャドウ,オレンジ,1987,渋谷店
日用品,歯磨き粉,口臭予防,4544,渋谷店
日用品,トイレットペーパー,リサイクル,1321,六本木店
医薬品,絆創膏,大判,2224,横浜店
医薬品,胃腸薬,消化不良,576,六本木店
日用品,トイレットペーパー,香り付き,1240,横浜店
化粧品,化粧水,エイジングケア,3624,六本木店
医薬品,絆創膏,滅菌,3114,横浜店
医薬部外品,入浴剤,腰痛,340,横浜店
日用品,ボディソープ,アロマ,4432,横浜店
日用品,ボディソープ,ボタニカル,852,六本木店
化粧品,口紅,マット,4276,渋谷店
医薬品,絆創膏,肌色,1750,渋谷店
医薬品,胃腸薬,整腸剤,899,横浜店
医薬品,胃腸薬,整腸剤,3248,渋谷店
化粧品,乳液,薬用,1570,横浜店
医薬部外品,うがい薬,ポビドンヨード,262,六本木店
医薬品,解熱鎮痛剤,関節痛,859,渋谷店
医薬品,目薬,ソフトコンタクト用,2814,六本木店
医薬部外品,入浴剤,香り,4465,六本木店
医薬品,解熱鎮痛剤,神経痛,1088,渋谷店
日用品,シャンプー,薬用,4612,六本木店
医薬品,目薬,疲れ目,4060,横浜店
日用品,歯磨き粉,口臭予防,4009,六本木店
日用品,シャンプー,薬用,4152,横浜店
日用品,ティッシュペーパー,鼻にやさしい,2067,横浜店
医薬部外品,ハンドソープ,泡,4069,横浜店
医薬品,マスク,ウイルス対策,1140,六本木店
医薬品,解熱鎮痛剤,神経痛,3769,六本木店
化粧品,乳液,薬用,4416,六本木店
日用品,ボディソープ,敏感肌,3941,横浜店
医薬品,かぜ薬,子供用,1472,横浜店
医薬品,かぜ薬,子供用,1262,横浜店
医薬部外品,うがい薬,口臭予防,4199,横浜店
医薬部外品,日焼け止め,ジェル,4029,渋谷店
化粧品,口紅,オレンジ,3726,横浜店
医薬部外品,日焼け止め,PA++++,3263,六本木店
医薬品,目薬,ビタミン,3309,六本木店
医薬部外品,入浴剤,疲労回復,1175,六本木店
医薬部外品,日焼け止め,スプレー,3337,横浜店
医薬品,絆創膏,小判,4645,横浜店
医薬品,かぜ薬,漢方,2158,六本木店
医薬品,マスク,小さめ,1265,渋谷店
化粧品,化粧水,さっぱり,1208,渋谷店
化粧品,アイシャドウ,パレット,4162,渋谷店
日用品,トイレットペーパー,フレッシュグリーン,4367,六本木店
化粧品,化粧水,敏感肌,1991,六本木店
医薬部外品,日焼け止め,敏感肌,2462,渋谷店
化粧品,口紅,レッド,2856,六本木店
化粧品,乳液,エイジングケア,3972,横浜店
化粧品,口紅,レッド,523,渋谷店
医薬部外品,ハンドソープ,キッチン用,2270,渋谷店
医薬部外品,育毛剤,無香料,352,渋谷店
医薬品,マスク,立体,1122,渋谷店
日用品,歯磨き粉,フッ素,4787,六本木店
医薬部外品,制汗剤,無香料,2760,六本木店
医薬部外品,日焼け止め,PA++++,3259,横浜店
日用品,ティッシュペーパー,なめらかタッチ,1461,渋谷店
医薬品,胃腸薬,吐き気,3279,六本木店
医薬部外品,入浴剤,炭酸,336,渋谷店
医薬部外品,うがい薬,殺菌,1282,渋谷店
医薬品,解熱鎮痛剤,筋肉痛,3898,六本木店
日用品,シャンプー,ノンシリコン,1085,横浜店
医薬部外品,ハンドソープ,泡,2743,横浜店
医薬品,胃腸薬,便秘,3743,渋谷店
医薬品,目薬,ドライアイ,3697,渋谷店
日用品,ボディソープ,ボタニカル,112,渋谷店
日用品,ボディソープ,ボタニカル,3689,六本木店
医薬部外品,うがい薬,CPC,1374,渋谷店
医薬部外品,うがい薬,風邪,969,横浜店
化粧品,口紅,グロス,786,横浜店
化粧品,乳液,美白,1700,六本木店
医薬部外品,育毛剤,無香料,4947,横浜店
医薬品,胃腸薬,胃痛,746,横浜店
化粧品,化粧水,ニキビ,698,渋谷店
医薬部外品,制汗剤,無香料,3615,六本木店
日用品,トイレットペーパー,エコフレンド,1184,渋谷店
医薬部外品,ハンドソープ,殺菌,1467,横浜店
日用品,トイレットペーパー,香り付き,928,渋谷店
医薬部外品,うがい薬,消毒,1308,横浜店
化粧品,化粧水,さっぱり,4926,横浜店
医薬品,解熱鎮痛剤,熱,3040,渋谷店
日用品,ボディソープ,泡,4169,横浜店
医薬品,胃腸薬,下痢,469,横浜店
日用品,ティッシュペーパー,ソフトエアー,298,横浜店
医薬品,目薬,ドライアイ,163,横浜店
医薬部外品,日焼け止め,顔用,2689,横浜店
化粧品,口紅,ツヤ,4577,六本木店
日用品,シャンプー,メンズ,1380,六本木店
医薬品,絆創膏,指用,1507,六本木店
医薬部外品,日焼け止め,ウォータープルーフ,3586,六本木店
医薬部外品,うがい薬,子供用,1981,横浜店
医薬品,マスク,ウイルス対策,2671,渋谷店
医薬部外品,ハンドソープ,ポンプ,2399,渋谷店
医薬部外品,うがい薬,口臭予防,1493,渋谷店
医薬部外品,育毛剤,医薬部外品,289,六本木店
医薬品,かぜ薬,筋肉痛,169,渋谷店
化粧品,ファンデーション,ツヤ,4175,渋谷店
日用品,ティッシュペーパー,ポケットティッシュ,2213,渋谷店
医薬品,目薬,花粉,3976,渋谷店
化粧品,化粧水,高保湿,3322,渋谷店
化粧品,アイシャドウ,クリーム,862,渋谷店
医薬部外品,ハンドソープ,低刺激,836,渋谷店
日用品,ボディソープ,泡,1270,渋谷店
化粧品,ファンデーション,UVカット,2346,渋谷店
医薬部外品,制汗剤,敏感肌,3128,横浜店
医薬部外品,日焼け止め,ミルク,1836,六本木店
日用品,シャンプー,さらさら,4497,横浜店
化粧品,化粧水,美白,754,渋谷店
医薬部外品,制汗剤,スプレー,1700,横浜店
医薬品,解熱鎮痛剤,関節痛,974,渋谷店
化粧品,化粧水,さっぱり,4735,横浜店
日用品,歯磨き粉,ハーブ,1828,六本木店
化粧品,ファンデーション,クッション,4493,六本木店
医薬品,マスク,子供用,4203,六本木店
化粧品,口紅,グロス,1299,六本木店
化粧品,乳液,さっぱり,3874,六本木店
医薬部外品,育毛剤,医薬部外品,1272,渋谷店
医薬部外品,制汗剤,無香料,4185,六本木店
化粧品,ファンデーション,クリーム,2203,六本木店
医薬品,かぜ薬,咳止め,1279,横浜店
医薬品,絆創膏,防水,2276,横浜店
医薬部外品,日焼け止め,PA++++,3835,渋谷店
医薬部外品,入浴剤,保湿,757,渋谷店
医薬品,マスク,立体,1848,横浜店
日用品,歯磨き粉,口臭予防,1228,六本木店
日用品,トイレットペーパー,香り付き,2861,六本木店
医薬部外品,制汗剤,足,4593,横浜店
日用品,シャンプー,ノンシリコン,2290,六本木店
日用品,ティッシュペーパー,リサイクル,1962,渋谷店
医薬部外品,日焼け止め,敏感肌,1413,横浜店
日用品,シャンプー,メンズ,2982,横浜店
医薬品,目薬,ハードコンタクト用,1693,六本木店
化粧品,アイシャドウ,オレンジ,744,六本木店
日用品,ティッシュペーパー,なめらかタッチ,4368,渋谷店
医薬部外品,入浴剤,香り,3669,渋谷店
医薬品,胃腸薬,漢方,2805,六本木店
医薬部外品,制汗剤,ワキ,1666,横浜店
日用品,洗濯洗剤,デリケート,1801,横浜店
日用品,トイレットペーパー,リサイクル,4380,六本木店
医薬部外品,育毛剤,無香料,2112,横浜店
医薬品,かぜ薬,頭痛,4096,渋谷店
日用品,トイレットペーパー,プレミアムソフト,4796,横浜店
化粧品,口紅,ブラウン,3684,六本木店
日用品,洗濯洗剤,ジェルボール,277,六本木店
医薬部外品,育毛剤,医薬部外品,2611,渋谷店
医薬品,マスク,子供用,2004,渋谷店
日用品,ボディソープ,アロマ,3194,横浜店
医薬部外品,うがい薬,喉,1154,渋谷店
日用品,歯磨き粉,フッ素,3461,渋谷店
医薬品,胃腸薬,整腸剤,1619,横浜店
日用品,シャンプー,ダメージケア,3448,六本木店
日用品,洗濯洗剤,パワフルクリーン,2704,横浜店
医薬品,かぜ薬,関節痛,2283,横浜店
医薬部外品,ハンドソープ,低刺激,994,横浜店
医薬品,かぜ薬,筋肉痛,4967,横浜店
日用品,ボディソープ,さっぱり,3920,六本木店
医薬品,胃腸薬,整腸剤,721,横浜店
化粧品,アイシャドウ,クリーム,1295,横浜店
医薬品,絆創膏,キズパワーパッド,3745,横浜店
日用品,シャンプー,ノンシリコン,3530,横浜店
医薬部外品,うがい薬,CPC,1503,横浜店
化粧品,口紅,ティント,3302,渋谷店
化粧品,乳液,美白,1021,渋谷店
医薬品,マスク,カラー,1024,六本木店
医薬部外品,日焼け止め,体用,1949,六本木店
医薬品,絆創膏,滅菌,2299,渋谷店
化粧品,乳液,敏感肌,1507,六本木店
医薬部外品,育毛剤,医薬部外品,1036,渋谷店
医薬部外品,制汗剤,ワキ,630,渋谷店
医薬品,かぜ薬,漢方,449,六本木店
医薬部外品,うがい薬,喉,1676,六本木店
日用品,ボディソープ,フルーツ,4021,横浜店
医薬品,マスク,ふつう,2363,渋谷店
医薬品,絆創膏,肌色,4618,横浜店
日用品,トイレットペーパー,ふわっとエンジェル,3522,六本木店
日用品,ボディソープ,しっとり,1096,六本木店
医薬部外品,育毛剤,頭皮ケア,1942,六本木店
日用品,トイレットペーパー,長持ちロール,1448,横浜店
医薬部外品,うがい薬,ポビドンヨード,2475,横浜店
化粧品,口紅,オレンジ,173,六本木店
医薬部外品,日焼け止め,ジェル,4422,渋谷店
医薬部外品,日焼け止め,顔用,576,横浜店
日用品,歯磨き粉,ミント,719,横浜店
医薬品,目薬,ビタミン,415,渋谷店
日用品,洗濯洗剤,消臭,1925,渋谷店
日用品,シャンプー,薬用,3188,横浜店
日用品,シャンプー,メンズ,2671,六本木店
日用品,歯磨き粉,研磨剤なし,1008,横浜店
医薬部外品,ハンドソープ,キッチン用,1009,渋谷店
医薬品,胃腸薬,胸やけ,4143,横浜店
日用品,トイレットペーパー,香り付き,1541,渋谷店
医薬品,胃腸薬,漢方,3156,横浜店
医薬品,マスク,子供用,2761,横浜店
日用品,トイレットペーパー,ダブルケア,2107,渋谷店
日用品,ティッシュペーパー,鼻にやさしい,2706,六本木店
化粧品,化粧水,ニキビ,207,渋谷店
医薬部外品,日焼け止め,クリーム,1929,六本木店
医薬品,絆創膏,関節用,499,横浜店
日用品,洗濯洗剤,ジェルボール,272,横浜店
医薬部外品,入浴剤,腰痛,2860,横浜店
医薬品,マスク,小さめ,2958,渋谷店
医薬部外品,ハンドソープ,薬用,4630,横浜店
医薬部外品,うがい薬,CPC,3528,渋谷店
医薬品,かぜ薬,喉,340,六本木店
医薬品,絆創膏,小判,632,渋谷店
日用品,ボディソープ,薬用,4189,横浜店
日用品,洗濯洗剤,粉末,3337,六本木店
化粧品,口紅,マット,4422,渋谷店
医薬品,胃腸薬,消化不良,102,六本木店
医薬品,マスク,女性用,978,六本木店
日用品,トイレットペーパー,ピュアホワイト,4114,六本木店
医薬部外品,入浴剤,バスソルト,2165,六本木店
医薬部外品,制汗剤,パウダー,3379,渋谷店
医薬品,目薬,ドライアイ,4958,横浜店
日用品,ティッシュペーパー,保湿ティッシュ,4033,渋谷店
医薬部外品,日焼け止め,ジェル,1072,六本木店
医薬品,目薬,かゆみ,1010,六本木店
医薬部外品,うがい薬,子供用,3650,六本木店
医薬部外品,制汗剤,クリーム,593,渋谷店
医薬品,解熱鎮痛剤,頭痛,3881,渋谷店
医薬品,マスク,子供用,4990,横浜店
日用品,洗濯洗剤,粉末,1877,渋谷店
化粧品,化粧水,拭き取り,4445,六本木店
化粧品,化粧水,拭き取り,2567,横浜店
化粧品,乳液,弾力,2492,渋谷店
医薬部外品,ハンドソープ,低刺激,2449,横浜店
医薬部外品,制汗剤,敏感肌,402,六本木店
日用品,トイレットペーパー,シルキータッチ,475,六本木店
日用品,洗濯洗剤,香りフレッシュ,655,横浜店
化粧品,化粧水,さっぱり,2029,六本木店
化粧品,ファンデーション,クッション,4984,渋谷店
日用品,洗濯洗剤,抗菌プラス,4021,六本木店
医薬部外品,入浴剤,バスソルト,1250,渋谷店
医薬部外品,制汗剤,敏感肌,2979,六本木店
医薬部外品,入浴剤,薬用,4754,横浜店
日用品,ティッシュペーパー,ローション,4277,横浜店
化粧品,化粧水,エイジングケア,913,渋谷店
医薬品,マスク,男性用,2141,横浜店
医薬部外品,育毛剤,血行促進,3192,渋谷店
医薬品,かぜ薬,筋肉痛,2724,六本木店
医薬部外品,うがい薬,喉,4076,渋谷店
日用品,トイレットペーパー,ダブルケア,808,六本木店
日用品,ティッシュペーパー,プレミアム,3801,渋谷店
日用品,歯磨き粉,フッ素,2376,横浜店
医薬品,解熱鎮痛剤,歯痛,4306,横浜店
日用品,歯磨き粉,フッ素,4505,渋谷店
日用品,ティッシュペーパー,ボックスティッシュ,4141,六本木店
医薬品,マスク,女性用,1548,横浜店
日用品,ティッシュペーパー,ローション,4760,渋谷店
日用品,ティッシュペーパー,ローション,1626,六本木店
日用品,トイレットペーパー,フレッシュグリーン,1904,六本木店
医薬品,絆創膏,関節用,858,六本木店
化粧品,口紅,レッド,1794,横浜店
化粧品,乳液,ハリ,3103,横浜店
医薬部外品,制汗剤,敏感肌,1270,渋谷店
医薬品,絆創膏,防水,1020,六本木店
医薬部外品,ハンドソープ,殺菌,2470,横浜店
医薬部外品,うがい薬,CPC,2005,横浜店
化粧品,化粧水,拭き取り,4318,横浜店
化粧品,ファンデーション,クッション,4187,六本木店
化粧品,化粧水,ニキビ,2569,六本木店
日用品,洗濯洗剤,部屋干し,4921,横浜店
医薬品,胃腸薬,整腸剤,3459,六本木店
医薬品,解熱鎮痛剤,筋肉痛,2836,六本木店
化粧品,美容液,ビタミンC,3475,渋谷店
化粧品,ファンデーション,スティック,552,横浜店
医薬部外品,育毛剤,育毛,1091,六本木店
化粧品,美容液,プラセンタ,147,横浜店
化粧品,ファンデーション,クッション,2409,六本木店
医薬部外品,日焼け止め,顔用,3960,六本木店
医薬品,マスク,男性用,4012,六本木店
日用品,洗濯洗剤,粉末,502,渋谷店
医薬品,解熱鎮痛剤,生理痛,882,六本木店
医薬部外品,入浴剤,疲労回復,3131,渋谷店
日用品,ティッシュペーパー,リサイクル,1364,横浜店
日用品,シャンプー,メンズ,684,横浜店
医薬部外品,うがい薬,消毒,2613,渋谷店
医薬部外品,うがい薬,ポビドンヨード,3989,六本木店
日用品,シャンプー,さらさら,4603,六本木店
化粧品,乳液,保湿,4681,渋谷店
医薬品,目薬,充血,4562,渋谷店
化粧品,アイシャドウ,オレンジ,1978,六本木店
医薬品,解熱鎮痛剤,熱,4874,横浜店
日用品,洗濯洗剤,パワフルクリーン,2877,横浜店
医薬品,マスク,男性用,1774,横浜店
医薬品,絆創膏,通気性,2833,横浜店
化粧品,美容液,ヒアルロン酸,4156,六本木店
医薬品,胃腸薬,胸やけ,1078,六本木店
医薬部外品,日焼け止め,PA++++,3435,六本木店
化粧品,アイシャドウ,ピンク,3467,六本木店
医薬品,かぜ薬,鼻炎薬,3942,横浜店
化粧品,アイシャドウ,パレット,4761,六本木店
化粧品,乳液,ハリ,3976,六本木店
医薬部外品,育毛剤,無香料,1864,横浜店
化粧品,乳液,しっとり,4257,渋谷店
化粧品,化粧水,敏感肌,695,六本木店
医薬部外品,ハンドソープ,薬用,4382,渋谷店
医薬部外品,うがい薬,消毒,1415,六本木店
医薬部外品,入浴剤,肩こり,3923,横浜店
日用品,トイレットペーパー,長持ちロール,3807,渋谷店
医薬部外品,入浴剤,肩こり,4680,渋谷店
医薬品,解熱鎮痛剤,ロキソプロフェン,4399,六本木店
医薬品,解熱鎮痛剤,イブプロフェン,4572,横浜店
化粧品,美容液,弾力,4810,六本木店
医薬品,マスク,女性用,4656,渋谷店
日用品,歯磨き粉,子供用,264,渋谷店
日用品,ティッシュペーパー,フレッシュミント,3607,六本木店
医薬品,目薬,ドライアイ,2325,渋谷店
日用品,トイレットペーパー,長持ちロール,191,渋谷店
医薬品,胃腸薬,胸やけ,2650,六本木店
日用品,ティッシュペーパー,ポケットティッシュ,4827,渋谷店
化粧品,化粧水,毛穴,949,六本木店
日用品,洗濯洗剤,消臭,985,渋谷店
化粧品,乳液,エイジングケア,3571,横浜店
医薬品,絆創膏,通気性,2398,六本木店
化粧品,口紅,マット,1921,横浜店
日用品,洗濯洗剤,抗菌プラス,4640,横浜店
医薬品,絆創膏,指用,2497,六本木店
医薬部外品,制汗剤,ロールオン,4760,横浜店
日用品,歯磨き粉,子供用,4444,六本木店
医薬品,マスク,大きめ,4758,六本木店
日用品,歯磨き粉,ハーブ,2073,渋谷店
化粧品,乳液,美白,2563,六本木店
日用品,ティッシュペーパー,鼻にやさしい,1932,渋谷店
医薬品,胃腸薬,下痢,1848,六本木店
化粧品,口紅,レッド,246,六本木店
医薬部外品,入浴剤,腰痛,4345,渋谷店
医薬品,胃腸薬,吐き気,4062,横浜店
日用品,洗濯洗剤,柔軟剤入り,4609,横浜店
日用品,トイレットペーパー,フレッシュグリーン,3078,六本木店
医薬品,マスク,ウイルス対策,163,横浜店
医薬部外品,育毛剤,男性用,246,渋谷店
医薬品,絆創膏,指用,4809,渋谷店
医薬部外品,うがい薬,殺菌,1237,渋谷店
日用品,シャンプー,メンズ,4916,渋谷店
化粧品,アイシャドウ,グリーン,3411,渋谷店
医薬品,胃腸薬,消化不良,1321,横浜店
日用品,歯磨き粉,フッ素,718,六本木店
化粧品,化粧水,敏感肌,3113,渋谷店
日用品,洗濯洗剤,部屋干し,4762,横浜店
医薬部外品,うがい薬,消毒,4736,横浜店
日用品,ボディソープ,泡,3193,六本木店
医薬品,目薬,ドライアイ,178,渋谷店
医薬品,絆創膏,肌色,3241,渋谷店
医薬部外品,制汗剤,ロールオン,1309,渋谷店
日用品,歯磨き粉,フッ素,3674,渋谷店
医薬品,胃腸薬,胸やけ,1807,横浜店
化粧品,化粧水,拭き取り,4504,六本木店
医薬部外品,うがい薬,インフルエンザ,4139,六本木店
化粧品,アイシャドウ,ペンシル,2167,横浜店
医薬品,胃腸薬,胸やけ,2641,渋谷店
日用品,歯磨き粉,歯周病ケア,2215,横浜店
医薬部外品,ハンドソープ,殺菌,3181,渋谷店
医薬品,目薬,ビタミン,2587,横浜店
医薬部外品,日焼け止め,ジェル,1097,渋谷店
医薬部外品,日焼け止め,PA++++,1793,横浜店
医薬部外品,制汗剤,ロールオン,2336,横浜店
医薬部外品,制汗剤,シート,570,六本木店
日用品,ティッシュペーパー,リサイクル,3677,横浜店
化粧品,化粧水,さっぱり,241,六本木店
医薬品,胃腸薬,胸やけ,4592,六本木店
化粧品,口紅,ティント,4254,渋谷店
化粧品,美容液,ヒアルロン酸,4409,六本木店
日用品,洗濯洗剤,パワフルクリーン,1830,横浜店
化粧品,アイシャドウ,パープル,4976,渋谷店
医薬部外品,制汗剤,ワキ,881,六本木店
医薬品,マスク,女性用,2064,横浜店
日用品,洗濯洗剤,粉末,4800,渋谷店
医薬品,かぜ薬,総合感冒薬,4222,渋谷店
医薬部外品,うがい薬,ノンアルコール,216,横浜店
日用品,トイレットペーパー,プレミアムソフト,2991,横浜店
医薬品,胃腸薬,整腸剤,899,横浜店
化粧品,口紅,グロス,4162,渋谷店
医薬部外品,うがい薬,ポビドンヨード,4976,横浜店
化粧品,口紅,グロス,438,横浜店
化粧品,化粧水,毛穴,4692,渋谷店
日用品,洗濯洗剤,粉末,368,横浜店
化粧品,ファンデーション,ツヤ,4059,六本木店
医薬部外品,日焼け止め,ミルク,437,渋谷店
医薬品,絆創膏,関節用,126,六本木店
日用品,ボディソープ,さっぱり,896,横浜店
日用品,歯磨き粉,子供用,1040,横浜店
医薬品,胃腸薬,漢方,2832,横浜店
医薬品,絆創膏,キズパワーパッド,3031,六本木店
日用品,洗濯洗剤,抗菌プラス,1438,六本木店
日用品,ティッシュペーパー,プレミアム,3108,六本木店
医薬部外品,ハンドソープ,ポンプ,162,六本木店
医薬品,絆創膏,通気性,2359,六本木店
化粧品,アイシャドウ,パレット,4468,渋谷店
化粧品,乳液,エイジングケア,3870,横浜店
医薬部外品,うがい薬,風邪,3971,渋谷店
医薬部外品,入浴剤,保湿,1576,横浜店
化粧品,美容液,ヒアルロン酸,4579,渋谷店
化粧品,乳液,しっとり,464,横浜店
医薬品,目薬,コンタクト,479,六本木店
日用品,洗濯洗剤,香りフレッシュ,1432,横浜店
医薬部外品,ハンドソープ,保湿,1563,横浜店
日用品,洗濯洗剤,抗菌プラス,4313,六本木店
医薬品,かぜ薬,漢方,1549,六本木店
化粧品,口紅,マット,1553,横浜店
医薬品,解熱鎮痛剤,ロキソプロフェン,3522,横浜店
医薬品,絆創膏,キズパワーパッド,4467,六本木店
医薬部外品,日焼け止め,顔用,3388,六本木店
医薬部外品,育毛剤,発毛促進,1242,六本木店
医薬品,解熱鎮痛剤,神経痛,1108,横浜店
化粧品,化粧水,オーガニック,843,渋谷店
医薬部外品,制汗剤,クリーム,2311,横浜店
医薬品,目薬,花粉,3552,横浜店
医薬品,解熱鎮痛剤,歯痛,434,横浜店
医薬部外品,日焼け止め,ジェル,300,六本木店
医薬部外品,うがい薬,口臭予防,1806,渋谷店
医薬品,かぜ薬,鼻炎薬,1387,六本木店
医薬部外品,制汗剤,全身,3316,渋谷店
化粧品,化粧水,さっぱり,1021,横浜店
日用品,トイレットペーパー,シルキータッチ,2108,渋谷店
医薬品,マスク,ふつう,550,横浜店
医薬品,解熱鎮痛剤,イブプロフェン,3884,横浜店
医薬部外品,育毛剤,抜け毛予防,1895,六本木店
日用品,ティッシュペーパー,なめらかタッチ,1116,渋谷店
化粧品,化粧水,拭き取り,364,横浜店
医薬部外品,ハンドソープ,ポンプ,2565,六本木店
医薬品,マスク,大きめ,1875,横浜店
医薬部外品,ハンドソープ,薬用,3048,渋谷店
医薬品,マスク,男性用,4942,横浜店
日用品,歯磨き粉,ホワイトニング,1207,六本木店
医薬部外品,ハンドソープ,保湿,3540,横浜店
化粧品,口紅,リップバーム,2329,渋谷店
医薬品,マスク,女性用,706,渋谷店
医薬品,解熱鎮痛剤,生理痛,659,六本木店
化粧品,口紅,グロス,3999,渋谷店
日用品,ボディソープ,フルーツ,2301,横浜店
日用品,ティッシュペーパー,ポケットティッシュ,4502,六本木店
医薬部外品,ハンドソープ,無香料,3215,渋谷店
医薬部外品,入浴剤,肩こり,2802,六本木店
医薬品,解熱鎮痛剤,歯痛,1465,六本木店
医薬部外品,日焼け止め,ジェル,3216,六本木店
化粧品,アイシャドウ,クリーム,2048,渋谷店
医薬品,絆創膏,肌色,2479,六本木店
日用品,シャンプー,ボリュームアップ,3426,六本木店
医薬部外品,ハンドソープ,保湿,1918,六本木店
医薬部外品,育毛剤,無香料,1251,渋谷店
医薬品,マスク,男性用,3700,横浜店
医薬部外品,育毛剤,抜け毛予防,3627,横浜店
医薬品,かぜ薬,関節痛,4037,横浜店
医薬品,マスク,立体,4447,渋谷店
日用品,洗濯洗剤,抗菌プラス,1437,横浜店
化粧品,化粧水,敏感肌,3319,横浜店
医薬部外品,ハンドソープ,液体,4715,六本木店
医薬品,目薬,充血,4393,六本木店
化粧品,アイシャドウ,オレンジ,594,渋谷店
医薬部外品,日焼け止め,敏感肌,4619,渋谷店
化粧品,美容液,弾力,1537,横浜店
化粧品,化粧水,オーガニック,4764,六本木店
化粧品,乳液,弾力,3269,渋谷店
日用品,トイレットペーパー,長持ちロール,4340,横浜店
日用品,トイレットペーパー,長持ちロール,4462,六本木店
日用品,歯磨き粉,歯周病ケア,1618,横浜店
医薬部外品,制汗剤,クリーム,3259,六本木店
医薬部外品,ハンドソープ,殺菌,1079,六本木店
医薬品,絆創膏,小判,4979,六本木店
医薬部外品,制汗剤,無香料,1209,渋谷店
医薬品,胃腸薬,整腸剤,2788,渋谷店
化粧品,美容液,ビタミンC,386,渋谷店
医薬品,目薬,充血,1567,六本木店
医薬品,胃腸薬,下痢,4713,横浜店
医薬品,目薬,ブルーライト,1294,横浜店
日用品,シャンプー,ダメージケア,3159,横浜店
日用品,歯磨き粉,ジェル,2245,横浜店
医薬品,絆創膏,透明,3622,横浜店
化粧品,乳液,薬用,372,渋谷店
医薬部外品,入浴剤,リラックス,4874,六本木店
化粧品,アイシャドウ,オレンジ,468,横浜店
医薬品,かぜ薬,喉,1305,六本木店
医薬品,目薬,かゆみ,3653,横浜店
日用品,歯磨き粉,歯周病ケア,3861,横浜店
日用品,歯磨き粉,フッ素,1528,横浜店
医薬部外品,うがい薬,喉,3178,横浜店
医薬部外品,入浴剤,リラックス,2550,六本木店
化粧品,ファンデーション,クッション,1731,横浜店
化粧品,化粧水,エイジングケア,954,横浜店
医薬品,絆創膏,通気性,282,渋谷店
医薬品,かぜ薬,筋肉痛,774,六本木店
医薬品,目薬,ブルーライト,2807,横浜店
化粧品,ファンデーション,ツヤ,2820,六本木店
医薬部外品,日焼け止め,スプレー,2177,六本木店
医薬品,絆創膏,滅菌,2927,六本木店
医薬品,目薬,充血,3816,渋谷店
医薬部外品,入浴剤,香り,2154,横浜店
日用品,歯磨き粉,知覚過敏ケア,2248,渋谷店
医薬部外品,制汗剤,クリーム,2775,横浜店
化粧品,口紅,マット,2913,渋谷店
医薬部外品,うがい薬,CPC,4956,横浜店
医薬部外品,ハンドソープ,ポンプ,2498,渋谷店
医薬部外品,制汗剤,足,4958,横浜店
化粧品,アイシャドウ,オレンジ,2077,六本木店
日用品,歯磨き粉,ジェル,1740,横浜店
化粧品,口紅,ピンク,381,六本木店
化粧品,ファンデーション,カバー力,341,横浜店
医薬品,かぜ薬,咳止め,448,横浜店
化粧品,乳液,弾力,2271,横浜店
医薬部外品,ハンドソープ,薬用,3326,横浜店
日用品,ボディソープ,オーガニック,1284,六本木店
日用品,洗濯洗剤,ジェルボール,1123,渋谷店
日用品,トイレットペーパー,ふわっとエンジェル,2112,六本木店
医薬部外品,日焼け止め,ミルク,1777,横浜店
日用品,歯磨き粉,歯周病ケア,4619,六本木店
化粧品,口紅,リップバーム,3908,横浜店
日用品,洗濯洗剤,デリケート,4180,横浜店
医薬品,胃腸薬,便秘,3196,渋谷店
医薬品,解熱鎮痛剤,アセトアミノフェン,2199,六本木店
化粧品,乳液,弾力,3264,横浜店
医薬部外品,育毛剤,育毛,338,横浜店
医薬品,絆創膏,大判,458,渋谷店
医薬品,胃腸薬,漢方,4729,横浜店
医薬品,胃腸薬,便秘,2028,六本木店
医薬部外品,制汗剤,全身,2647,渋谷店
日用品,歯磨き粉,ハーブ,1672,渋谷店
医薬部外品,入浴剤,薬用,4356,横浜店
日用品,洗濯洗剤,粉末,2821,六本木店
医薬部外品,ハンドソープ,保湿,2830,横浜店
化粧品,口紅,レッド,647,横浜店
日用品,歯磨き粉,ハーブ,152,六本木店
医薬品,絆創膏,大判,981,六本木店
化粧品,アイシャドウ,ブラウン,3890,渋谷店
医薬部外品,制汗剤,無香料,148,六本木店
医薬部外品,日焼け止め,敏感肌,2580,横浜店
化粧品,ファンデーション,クッション,4813,六本木店
化粧品,化粧水,拭き取り,3752,渋谷店
医薬品,胃腸薬,整腸剤,1026,渋谷店
医薬品,かぜ薬,咳止め,3614,横浜店
医薬部外品,うがい薬,風邪,956,六本木店
医薬品,絆創膏,透明,1240,渋谷店
医薬部外品,うがい薬,口臭予防,3414,六本木店
日用品,シャンプー,ボリュームアップ,2918,六本木店
医薬部外品,うがい薬,CPC,3857,六本木店
化粧品,アイシャドウ,パレット,1201,六本木店
化粧品,美容液,プラセンタ,2219,渋谷店
医薬品,胃腸薬,胃痛,3717,渋谷店
化粧品,口紅,レッド,2814,横浜店
化粧品,ファンデーション,UVカット,3830,渋谷店
医薬部外品,入浴剤,炭酸,197,渋谷店
日用品,シャンプー,アミノ酸,4635,六本木店
化粧品,化粧水,拭き取り,4955,六本木店
医薬品,かぜ薬,熱,3189,横浜店
医薬部外品,日焼け止め,体用,3679,横浜店
化粧品,ファンデーション,UVカット,913,横浜店
医薬品,かぜ薬,熱,1843,六本木店
化粧品,美容液,シワ改善,2035,渋谷店
医薬品,解熱鎮痛剤,筋肉痛,873,六本木店
日用品,ボディソープ,敏感肌,3592,渋谷店
日用品,トイレットペーパー,フレッシュグリーン,2833,渋谷店
化粧品,美容液,ビタミンC,3901,横浜店
日用品,ティッシュペーパー,リサイクル,3152,六本木店
日用品,ボディソープ,敏感肌,3425,横浜店
日用品,ティッシュペーパー,ボックスティッシュ,2729,渋谷店
医薬部外品,うがい薬,口臭予防,2221,六本木店
日用品,トイレットペーパー,長持ちロール,1845,六本木店
日用品,洗濯洗剤,デリケート,3168,横浜店
日用品,ティッシュペーパー,ポケットティッシュ,1250,横浜店
医薬品,絆創膏,大判,3026,六本木店
医薬部外品,うがい薬,ポビドンヨード,4009,六本木店
医薬品,かぜ薬,子供用,2944,六本木店
医薬部外品,入浴剤,炭酸,1750,六本木店
化粧品,アイシャドウ,マット,670,横浜店
化粧品,アイシャドウ,オレンジ,286,渋谷店
化粧品,アイシャドウ,パレット,4516,横浜店
医薬部外品,ハンドソープ,保湿,3369,渋谷店
医薬品,胃腸薬,胃痛,2955,横浜店
化粧品,美容液,ハリ,2699,横浜店
化粧品,化粧水,拭き取り,2133,横浜店
医薬部外品,育毛剤,抜け毛予防,1695,渋谷店
医薬品,マスク,女性用,3804,六本木店
医薬部外品,育毛剤,育毛,1151,渋谷店
化粧品,美容液,ビタミンC,4585,六本木店
医薬品,解熱鎮痛剤,関節痛,3995,六本木店
医薬部外品,ハンドソープ,薬用,931,六本木店
化粧品,ファンデーション,リキッド,3009,六本木店
日用品,ティッシュペーパー,鼻にやさしい,2959,渋谷店
化粧品,口紅,マット,4639,横浜店
化粧品,化粧水,ニキビ,3652,六本木店
日用品,洗濯洗剤,パワフルクリーン,1115,渋谷店
化粧品,美容液,ハリ,4355,横浜店
医薬部外品,ハンドソープ,泡,3005,六本木店
日用品,ティッシュペーパー,フレッシュミント,2209,渋谷店
医薬品,解熱鎮痛剤,イブプロフェン,1452,横浜店
医薬品,絆創膏,キズパワーパッド,226,横浜店
医薬品,目薬,かゆみ,3435,横浜店
医薬品,解熱鎮痛剤,ロキソプロフェン,4646,渋谷店
日用品,シャンプー,オーガニック,4148,渋谷店
医薬部外品,育毛剤,育毛,4770,渋谷店
医薬品,胃腸薬,胃痛,1695,六本木店
日用品,トイレットペーパー,香り付き,4357,横浜店
医薬部外品,制汗剤,ロールオン,3582,横浜店
日用品,ボディソープ,敏感肌,377,渋谷店
医薬品,かぜ薬,総合感冒薬,2144,六本木店
化粧品,化粧水,エイジングケア,3412,六本木店
日用品,トイレットペーパー,ダブルケア,4143,横浜店
医薬部外品,日焼け止め,顔用,442,六本木店
日用品,トイレットペーパー,ダブルケア,1849,六本木店
医薬品,目薬,ハードコンタクト用,241,横浜店
化粧品,ファンデーション,UVカット,1197,横浜店
化粧品,美容液,毛穴,3818,横浜店
日用品,シャンプー,ノンシリコン,4129,六本木店
医薬品,マスク,大きめ,682,渋谷店
医薬品,胃腸薬,胸やけ,2630,渋谷店
医薬品,解熱鎮痛剤,関節痛,1188,渋谷店
医薬部外品,制汗剤,敏感肌,1387,六本木店
医薬部外品,育毛剤,頭皮ケア,2634,横浜店
日用品,ティッシュペーパー,なめらかタッチ,1463,六本木店
化粧品,化粧水,オーガニック,4653,六本木店
医薬品,かぜ薬,子供用,3228,横浜店
医薬品,かぜ薬,鼻炎薬,3289,渋谷店
医薬品,マスク,女性用,4039,横浜店
日用品,歯磨き粉,口臭予防,2989,渋谷店
医薬部外品,入浴剤,リラックス,2558,六本木店
化粧品,乳液,弾力,2399,渋谷店
日用品,ボディソープ,オーガニック,3587,渋谷店
化粧品,口紅,リップバーム,169,渋谷店
化粧品,美容液,毛穴,206,横浜店
日用品,ボディソープ,オーガニック,1834,横浜店
日用品,ボディソープ,ボタニカル,4540,渋谷店
化粧品,口紅,ピンク,3596,横浜店
医薬品,絆創膏,透明,523,六本木店
化粧品,アイシャドウ,ペンシル,3387,横浜店
医薬品,かぜ薬,喉,2626,横浜店
日用品,ボディソープ,アロマ,877,渋谷店
化粧品,化粧水,美白,2882,横浜店
医薬部外品,うがい薬,子供用,4870,横浜店
医薬品,胃腸薬,消化不良,2205,横浜店
日用品,洗濯洗剤,パワフルクリーン,2256,渋谷店
医薬品,胃腸薬,下痢,2963,渋谷店
日用品,シャンプー,フケかゆみ,2420,渋谷店
医薬品,解熱鎮痛剤,筋肉痛,377,渋谷店
医薬部外品,ハンドソープ,液体,4367,六本木店
医薬部外品,入浴剤,炭酸,877,渋谷店
化粧品,美容液,毛穴,2043,六本木店
化粧品,美容液,毛穴,2447,横浜店
医薬品,解熱鎮痛剤,熱,810,横浜店
医薬部外品,ハンドソープ,保湿,4815,渋谷店
医薬品,目薬,ソフトコンタクト用,152,渋谷店
日用品,歯磨き粉,子供用,986,渋谷店
化粧品,アイシャドウ,ブラウン,883,渋谷店
医薬品,絆創膏,キズパワーパッド,1435,横浜店
化粧品,化粧水,毛穴,4734,六本木店
医薬品,マスク,女性用,1216,横浜店
日用品,歯磨き粉,ジェル,4656,渋谷店
医薬部外品,ハンドソープ,キッチン用,1294,六本木店
日用品,歯磨き粉,フッ素,1930,六本木店
医薬品,解熱鎮痛剤,筋肉痛,4583,六本木店
日用品,歯磨き粉,ミント,2222,横浜店
医薬品,目薬,ドライアイ,3459,六本木店
日用品,歯磨き粉,ミント,4050,六本木店
医薬部外品,うがい薬,喉,4107,渋谷店
化粧品,口紅,ツヤ,1265,横浜店
医薬品,胃腸薬,胸やけ,698,渋谷店
化粧品,化粧水,潤い,357,渋谷店
日用品,トイレットペーパー,香り付き,2888,渋谷店
化粧品,化粧水,ニキビ,1408,六本木店
医薬品,かぜ薬,鼻炎薬,535,横浜店
化粧品,ファンデーション,マット,1226,六本木店
日用品,洗濯洗剤,パワフルクリーン,1562,横浜店
医薬部外品,育毛剤,女性用,545,渋谷店
医薬品,かぜ薬,喉,1472,六本木店
医薬品,マスク,カラー,3517,横浜店
日用品,ティッシュペーパー,なめらかタッチ,1807,六本木店
医薬品,マスク,女性用,2337,横浜店
日用品,歯磨き粉,研磨剤なし,2913,横浜店
日用品,洗濯洗剤,抗菌プラス,2370,渋谷店
化粧品,ファンデーション,崩れにくい,1280,六本木店
医薬部外品,うがい薬,喉,3832,渋谷店
化粧品,ファンデーション,崩れにくい,4206,六本木店
医薬品,絆創膏,肌色,1591,渋谷店
医薬部外品,制汗剤,スプレー,4499,横浜店
化粧品,化粧水,ニキビ,532,渋谷店
化粧品,乳液,オーガニック,4079,六本木店
医薬部外品,日焼け止め,ミルク,1607,横浜店
日用品,トイレットペーパー,エコフレンド,3805,六本木店
化粧品,化粧水,さっぱり,3394,渋谷店
医薬品,目薬,ビタミン,712,渋谷店
日用品,ティッシュペーパー,なめらかタッチ,390,六本木店
医薬品,解熱鎮痛剤,歯痛,1730,六本木店
化粧品,アイシャドウ,パープル,186,横浜店
医薬部外品,入浴剤,冷え性,2645,六本木店
化粧品,口紅,ピンク,4724,六本木店
医薬部外品,制汗剤,ワキ,617,渋谷店
医薬品,目薬,花粉,3987,渋谷店
化粧品,アイシャドウ,クリーム,1970,横浜店
医薬部外品,制汗剤,足,1223,渋谷店
化粧品,口紅,ピンク,4506,六本木店
日用品,ボディソープ,敏感肌,3772,横浜店
化粧品,アイシャドウ,マット,1687,横浜店
日用品,トイレットペーパー,長持ちロール,3570,六本木店
医薬品,絆創膏,防水,4169,渋谷店
医薬品,絆創膏,防水,2913,横浜店
日用品,シャンプー,ダメージケア,558,横浜店
医薬品,絆創膏,関節用,1860,横浜店
日用品,ティッシュペーパー,フレッシュミント,593,横浜店
化粧品,アイシャドウ,パープル,2407,渋谷店
日用品,シャンプー,オーガニック,3078,渋谷店
医薬品,胃腸薬,便秘,1534,横浜店
化粧品,美容液,弾力,456,六本木店
日用品,歯磨き粉,知覚過敏ケア,307,六本木店
医薬品,絆創膏,透明,4506,渋谷店
医薬部外品,ハンドソープ,泡,3542,六本木店
化粧品,口紅,ブラウン,318,六本木店
日用品,シャンプー,さらさら,4584,横浜店
医薬部外品,入浴剤,炭酸,1889,横浜店
医薬部外品,うがい薬,CPC,2901,横浜店
日用品,ティッシュペーパー,保湿ティッシュ,4622,六本木店
医薬品,マスク,女性用,727,横浜店
医薬品,解熱鎮痛剤,生理痛,4865,渋谷店
医薬品,かぜ薬,総合感冒薬,1081,渋谷店
日用品,ボディソープ,敏感肌,3385,渋谷店
医薬部外品,うがい薬,CPC,244,渋谷店
医薬部外品,制汗剤,足,1077,渋谷店
医薬品,絆創膏,関節用,1544,渋谷店
医薬品,胃腸薬,吐き気,2887,六本木店
医薬品,胃腸薬,下痢,3576,六本木店
医薬部外品,日焼け止め,クリーム,2501,渋谷店
医薬部外品,日焼け止め,ウォータープルーフ,1544,横浜店
医薬部外品,制汗剤,シート,675,横浜店
医薬部外品,入浴剤,リラックス,1423,横浜店
医薬品,絆創膏,防水,504,渋谷店
医薬部外品,入浴剤,冷え性,3921,六本木店
化粧品,口紅,レッド,1173,渋谷店
化粧品,乳液,オーガニック,322,渋谷店
日用品,ティッシュペーパー,ソフトエアー,1751,渋谷店
医薬品,絆創膏,指用,4834,横浜店
医薬品,マスク,不織布,4259,横浜店
医薬部外品,育毛剤,男性用,3164,渋谷店
医薬部外品,制汗剤,シート,734,六本木店
日用品,シャンプー,ボリュームアップ,2619,渋谷店
日用品,ティッシュペーパー,ポケットティッシュ,1896,横浜店
日用品,ティッシュペーパー,ボックスティッシュ,1244,横浜店
日用品,洗濯洗剤,粉末,1564,渋谷店
日用品,ティッシュペーパー,鼻にやさしい,4518,横浜店
化粧品,ファンデーション,リキッド,1037,渋谷店
日用品,シャンプー,しっとり,1127,渋谷店
医薬品,目薬,ハードコンタクト用,147,渋谷店
日用品,シャンプー,薬用,3510,渋谷店
日用品,洗濯洗剤,抗菌プラス,1628,渋谷店
医薬品,かぜ薬,総合感冒薬,3257,渋谷店
医薬品,胃腸薬,食欲不振,4969,横浜店
日用品,ティッシュペーパー,ローション,4843,横浜店
化粧品,乳液,しっとり,4353,渋谷店
日用品,ボディソープ,敏感肌,192,横浜店
医薬品,解熱鎮痛剤,熱,434,六本木店
